{"cameraMode":{"drawMode":0,"name":"Shaded","section":"Shading Mode"},"sceneLighting":true,"audioPlay":false,"sceneViewState":{"m_AlwaysRefresh":false,"showFog":true,"showSkybox":true,"showFlares":true,"showImageEffects":true,"showParticleSystems":true,"showVisualEffectGraphs":true,"m_FxEnabled":true},"in2DMode":false,"pivot":{"x":14.252921104431153,"y":-3.6699705123901369,"z":8.189958572387696},"rotation":{"x":0.17880618572235108,"y":0.10896468162536621,"z":-0.0199294313788414,"w":0.9776294827461243},"size":16.299209594726564,"orthographic":false}