{"cameraMode":{"drawMode":0,"name":"Shaded","section":"Shading Mode"},"sceneLighting":true,"audioPlay":false,"sceneViewState":{"m_AlwaysRefresh":false,"showFog":true,"showSkybox":true,"showFlares":true,"showImageEffects":true,"showParticleSystems":true,"showVisualEffectGraphs":true,"m_FxEnabled":true},"in2DMode":false,"pivot":{"x":-8.178873062133789,"y":-4.488051414489746,"z":13.193673133850098},"rotation":{"x":0.30186620354652407,"y":-0.41472867131233218,"z":0.14806470274925233,"w":0.8455663323402405},"size":10.311521530151368,"orthographic":false}