{"cameraMode":{"drawMode":0,"name":"Shaded","section":"Shading Mode"},"sceneLighting":true,"audioPlay":false,"sceneViewState":{"m_AlwaysRefresh":false,"showFog":true,"showSkybox":true,"showFlares":true,"showImageEffects":true,"showParticleSystems":true,"showVisualEffectGraphs":true,"m_FxEnabled":true},"in2DMode":false,"pivot":{"x":-0.3845609128475189,"y":-1.6990724802017213,"z":5.655363082885742},"rotation":{"x":0.2021533101797104,"y":-0.16076640784740449,"z":0.033667709678411487,"w":0.9654924869537354},"size":5.829691410064697,"orthographic":false}