{"cameraMode":{"drawMode":0,"name":"Shaded","section":"Shading Mode"},"sceneLighting":true,"audioPlay":false,"sceneViewState":{"m_AlwaysRefresh":false,"showFog":true,"showSkybox":true,"showFlares":true,"showImageEffects":true,"showParticleSystems":true,"showVisualEffectGraphs":true,"m_FxEnabled":true},"in2DMode":false,"pivot":{"x":0.8250586986541748,"y":-2.7286009788513185,"z":16.81561851501465},"rotation":{"x":-0.1244886964559555,"y":-0.09568823128938675,"z":0.012059948407113552,"w":-0.9875396490097046},"size":10.45338249206543,"orthographic":false}