{"cameraMode":{"drawMode":0,"name":"Shaded","section":"Shading Mode"},"sceneLighting":false,"audioPlay":false,"sceneViewState":{"m_AlwaysRefresh":false,"showFog":true,"showSkybox":false,"showFlares":true,"showImageEffects":true,"showParticleSystems":true,"showVisualEffectGraphs":true,"m_FxEnabled":true},"in2DMode":false,"pivot":{"x":1.6596914529800416,"y":0.19193463027477265,"z":-0.5409650802612305},"rotation":{"x":0.41210782527923586,"y":0.012853163294494152,"z":-0.005791306495666504,"w":0.911057710647583},"size":0.28785786032676699,"orthographic":false}